l_english:
 ARG_senor_hitler: "Señor Hitler"
 AST_alan_vasey: "Alan Vasey"
 AST_earle_page: "Earle Page"
 AST_eric_campbell: "Eric Campbell"
 AST_harold_farncomb: "Harold Farncomb"
 AST_henry_wynter: "Henry Wynter"
 AST_horace_robertson: "Horace Robertson"
 AST_iven_mackay: "Iven Mackay"
 AST_john_curtin: "John Curtin"
 AST_john_northcott: "John Northcott"
 AST_leslie_morshead: "Leslie Morshead"
 AST_richard_dixon: "Richard Dixon"
 AST_rod_hull: "Rod Hull"
 AST_thomas_blamey: "Thomas Blamey"
 AST_victor_crutchley: "Victor Crutchley"
 AUS_alfred_klahr: "Alfred Klahr"
 AUS_karl_eglseer: "Karl Eglseer"
 AUS_karl_renner: "Karl Renner"
 AUS_kurt_schuschnigg: "Kurt Schuschnigg"
 BEL_georges_timmermans: "Georges Timmermans"
 BEL_gilles_wyvekens: "Gilles Wyvekens"
 BEL_hubert_pierlot: "Hubert Pierlot"
 BEL_joseph_jacquemotte: "Joseph Jacquemotte"
 BEL_mcl_keyaerts: "M.C.L. Keyaerts"
 BRA_arlindo_veiga_dos_santos: "Arlindo Veiga dos Santos"
 BRA_armando_sales: "Armando Sales"
 BRA_augusto_rademaker: "Augusto Rademaker"
 BRA_eurico_gaspar_dutra: "Eurico Gaspar Dutra"
 BRA_getulio_vargas: "Getúlio Vargas"
 BRA_luis_carlos_prestes: "Luís Carlos Prestes"
 BRA_mascarenhas_de_morais: "Mascarenhas de Morais"
 BRA_plinio_salgado: "Plínio Salgado"
 BUL_aleksandar_tsankov: "Aleksandar Cankov"
 BUL_aleksandar_tsankov_desc: "Aleksandar Colov Cankov"
 BUL_angel_dotsev: "Angel Docev"
 BUL_angel_dotsev_desc: "Angel Georgiev Docev"
 BUL_asen_nikolov: "Asen Nikolov"
 BUL_asen_nikolov_desc: "Asen Dobrev Nikolov"
 BUL_asen_toshev: "Asen Tošev"
 BUL_asen_toshev_desc: "Asen Konstantinov Tošev"
 BUL_atanas_pavlov_zhilkov_bftb: "Atanas Žilkov"
 BUL_atanas_pavlov_zhilkov_bftb_desc: "Atanas Pavlov Žilkov"
 BUL_atanas_shalapatov: "Atanas Šalapatov"
 BUL_atanas_shalapatov_desc: "Atanas N. Shalapatov"
 BUL_blagoi_ivanov_desc: "Blagoj Jevtimov Ivanov"
 BUL_bogdan_filov: "Bogdan Filov"
 BUL_bogdan_filov_desc: "Bogdan Dimitrov Filov"
 BUL_bogdan_filov_fascism: "Bogdan Filov"
 BUL_bonyu_stoev_pironkov_desc: "Bonju Stojev Pironkov"
 BUL_boris_iii: "Boris III."
 BUL_boris_iii_desc: "Car Boris III."
 BUL_damian_velchev: "Damian Velčev"
 BUL_damian_velchev_desc: "Damian Velčev Damianov"
 BUL_dimitr_ayryanov: "Dimitar Vasilev Ajrjanov"
 BUL_dimitr_ayryanov_desc: "Dimitar Vasilev Ajrjanov"
 BUL_dimitrana_ivanova: "Dimitrana Ivanova"
 BUL_dimitrana_ivanova_desc: "$BUL_dimitrana_ivanova$"
 BUL_dobri_bozhilov_bftb: "Dobri Božilov"
 BUL_dobri_bozhilov_bftb_desc: "Dobri Božilov Hadžijanakev"
 BUL_ferdinand_i: "Ferdinand I."
 BUL_ferdinand_kozovski: "Ferdinand Kozovski"
 BUL_ferdinand_kozovski_desc: "Ferdinand Todorov Kozovski"
 BUL_gancho_manchev: "Gančo Mančev"
 BUL_gancho_manchev_desc: "Gančo Ivanov Mančev"
 BUL_georgi_dimitrov: "Georgi Dimitrov"
 BUL_georgi_dimitrov_desc: "Georgi Dimitrov Mihajlov"
 BUL_georgi_drenikov: "Georgi Drenikov"
 BUL_georgi_drenikov_desc: "Georgi Stoimenov Drenikov"
 BUL_georgi_ivanov_kyoseivanov_bftb: "Georgi Kjoseivanov"
 BUL_georgi_ivanov_kyoseivanov_bftb_desc: "Georgi Ivanov Kjoseivanov"
 BUL_georgi_markov: "Georgi Markov"
 BUL_georgi_markov_desc: "Georgi Markov Markov"
 BUL_georgi_petsov_bftb: "Georgi Pecov"
 BUL_georgi_petsov_bftb_desc: "$BUL_georgi_petsov_bftb$"
 BUL_georgi_popov: "Georgi Popov"
 BUL_georgi_popov_desc: "Georgi Nikolov Popov"
 BUL_ivan_dochev: "Ivan Dočev"
 BUL_ivan_dochev_desc: "Ivan Dimitrov Dočev"
 BUL_ivan_gaidimitriv_desc: "$BUL_ivan_gaidimitriv$"
 BUL_ivan_markov: "Ivan Markov"
 BUL_ivan_markov_desc: "Ivan Hristov Markov"
 BUL_ivan_sapundzhiev: "Ivan Sapundžiev"
 BUL_ivan_sapundzhiev_desc: "Ivan Hristov Sapundžiev"
 BUL_ivan_variklechkov: "Ivan Variklečkov"
 BUL_ivan_variklechkov_desc: "Ivan Petrov Variklečkov"
 BUL_kimon_georgiev: "Kimon Georgiev"
 BUL_kimon_georgiev_desc: "Kimon Georgiev Stojanov"
 BUL_kiril_dimitrov_yanchulev: "Kiril Jančulev"
 BUL_kiril_dimitrov_yanchulev_desc: "Kiril Dimitrov Jančulev"
 BUL_kiril_stanchev_bftb: "Kiril Stančev"
 BUL_kiril_stanchev_bftb_desc: "Kiril Nikolov Stančev"
 BUL_konstantin_lukash: "Konstantin Lukaš"
 BUL_konstantin_lukash_desc: "Konstantin Ludvig Lukaš"
 BUL_konstantin_muraviev_bftb: "Konstantin Muraviev"
 BUL_konstantin_muraviev_bftb_desc: "Konstantin Vladov Muraviev"
 BUL_nikola_hadzipetkov_bftb: "Nikola Hadžipetkov"
 BUL_nikola_hadzipetkov_bftb_desc: "Nikola Petkov Hadžipetkov"
 BUL_nikola_mihov: "Nikola Mihov"
 BUL_nikola_mihov_desc: "Nikola Mihajlov Mihov"
 BUL_nikola_mushanov: "Nikola Mušanov"
 BUL_nikola_mushanov_desc: "Nikola Stojkov Mušanov"
 BUL_nikola_nakov: "Nikola Nakov"
 BUL_nikola_petkov: "Nikola Petkov"
 BUL_nikola_petkov_desc: "Nikola Dimitrov Petkov"
 BUL_nikola_stoychev: "Nikola Stojčev"
 BUL_nikola_stoychev_desc: "Nikola Georgiev Stojčev"
 BUL_nikola_totev_markov_desc: "Nikola Totev Markov"
 BUL_nikola_zhekov: "Nikola Žekov"
 BUL_nikola_zhekov_desc: "Nikola Todorov Žekov"
 BUL_regency_council: "Regentská rada"
 BUL_sava_ivanov: "Sava Ivanov"
 BUL_sava_ivanov_desc: "Sava Nikolov Ivanov"
 BUL_stefan_nedev: "Stefan Nedev"
 BUL_stefan_nedev_desc: "Stefan Savov Nedev"
 BUL_stefan_stefanov: "Stefan Stefanov"
 BUL_stefan_stefanov_desc: "Stefan Georgiev Stefanov"
 BUL_stefan_tsanev: "Stefan Canev"
 BUL_stefan_tsanev_desc: "Stefan Tošev Canev"
 BUL_stoyan_stoyanov_bftb: "Stojan Stojanov"
 BUL_stoyan_stoyanov_bftb_desc: "Stojan Iliev Stojanov"
 BUL_stoyan_trendafilov: "Stojan Trendafilov"
 BUL_stoyan_trendafilov_desc: "Stojan Konstantinov Trendafilov"
 BUL_stoycho_mushanov: "Stojčo Mušanov"
 BUL_stoycho_mushanov_desc: "Stojčo Stefanov Mušanov"
 BUL_theodosi_daskalov: "Teodosi Daskalov"
 BUL_theodosi_daskalov_desc: "Teodosi Petrov Daskalov"
 BUL_todor_pavlov: "Todor Pavlov"
 BUL_todor_pavlov_desc: "Todor Dimitrov Pavlov"
 BUL_trifon_trifonov: "Trifon Trifonov"
 BUL_trifon_trifonov_desc: "Trifon Jordanov Trifonov"
 BUL_valko_chervenkov: "Valko Červenkov"
 BUL_valko_chervenkov_desc: "Valko Veljov Červenkov"
 BUL_vasil_boydev_bftb: "Vasil Bojdev"
 BUL_vasil_boydev_bftb_desc: "Vasil Tenev Bojdev"
 BUL_vasil_kolarov: "Vasil Kolarov"
 BUL_vasil_kolarov_desc: "Vasil Petrov Kolarov"
 BUL_vladimir_stoychev: "Vladimir Stojčev"
 BUL_vladimir_stoychev_desc: "Vladimir Dimitrov Stojčev"
 BUL_zachari_zachariev: "Zacharij Zahariev"
 BUL_zachari_zachariev_desc: "Zacharij Simeonov Zahariev"
 CAN_adrien_arcand: "Adrien Arcand"
 CAN_bert_hoffmeister: "Bert Hoffmeister"
 CAN_charles_foulkes: "Charles Foulkes"
 CAN_harry_dewolf: "Harry DeWolf"
 CAN_ht_bailliegrohman: "H.T. Baillie-Grohman"
 CAN_j_s_woodsworth: "J. S. Woodsworth"
 CAN_james_d_prentice: "James D. Prentice"
 CAN_leonard_w_murray: "Leonard W. Murray"
 CAN_mackenzie_king: "Mackenzie King"
 CAN_percival_john_montague: "Percival John Montague"
 CAN_thomas_victor_anderson: "Thomas Victor Anderson"
 CAN_tim_buck: "Tim Buck"
 CHI_chiang_kaishek: "Čankajšek"
 CHI_fu_zuoyi: "Fu Cuo-i"
 CHI_gu_zhutong: "Ku Ču-tchung"
 CHI_hsueh_yueh: "Süe Jüe"
 CHI_hu_zongnan: "Chu Cung-nan"
 CHI_sun_li_jen: "Sun Li-žen"
 CHI_tai_anlan: "Taj An-lan"
 CHI_tu_yuming: "Tu Jü-ming"
 CHI_wang_jingwei: "Wang Ťing-wej"
 CHI_wang_yaowu: "Wang Jao-wu"
 CHI_wei_lihuang: "Wej Li-chuang"
 CHI_weng_wenhao: "Weng Wen-chao"
 CHI_zhang_guotao: "Čang Kuo-tchao"
 CHI_zhang_xueliang: "Čang Süe-liang"
 CRO_nikola_mandic: "Nikola Mandić"
 CZE_edvard_benesh: "Edvard Beneš"
 CZE_frantishek_havlik: "František Havlík"
 CZE_jaroslav_krejchi: "Jaroslav Krejčí"
 CZE_josef_shnejdarek: "Josef Šnejdárek"
 CZE_richard_tesarzhik: "Richard Tesařík"
 CZE_sergej_vojcechovsky: "Sergej Vojcechovský"
 CZE_vojtyech_luzha: "Vojtěch Luža"
 ENG_alan_brooke: "$alan_brooke$"
 ENG_alan_cunningham: "Alan Cunningham"
 ENG_alan_turing: "$eng_alan_turing$"
 ENG_algernon_willis: "Algernon Willis"
 ENG_andrew_cunningham: "$andrew_cunningham$"
 ENG_archibald_wavell: "$archibald_wavell$"
 ENG_arthur_harris: "$arthur_harris$"
 ENG_arthur_percival: "Arthur Percival"
 ENG_arthur_power: "Arthur Power"
 ENG_bernard_montgomery: "$bernard_montgomery$"
 ENG_bernard_rawlings: "Bernard Rawlings"
 ENG_brian_horrocks: "Brian Horrocks"
 ENG_bruce_fraser: "Bruce Fraser"
 ENG_charles_forbes: "Charles Forbes"
 ENG_charles_portal: "$charles_portal$"
 ENG_claude_auchinleck: "$claude_auchinleck$"
 ENG_clement_attlee: "$clement_attlee$"
 ENG_cyril_newall: "$cyril_newall$"
 ENG_dudley_pound: "$dudley_pound$"
 ENG_edmund_ironside: "$edmund_ironside$"
 ENG_edward_ellington: "$edward_ellington$"
 ENG_ernle_chatfield: "$ernle_chatfield$"
 ENG_frank_whittle: "$frank_whittle$"
 ENG_frederick_bowhill: "$frederick_bowhill$"
 ENG_george_giffard: "George Giffard"
 ENG_harold_alexander: "$harold_alexander$"
 ENG_harry_pollitt: "$harry_pollitt$"
 ENG_henry_harwood: "$henry_harwood$"
 ENG_henry_pownall: "Henry Pownall"
 ENG_henry_wilson: "Henry Wilson"
 ENG_horatio_dundas: "Horatio Dundas"
 ENG_hugh_dowding: "$hugh_dowding$"
 ENG_jackie_smyth: "Jackie Smyth"
 ENG_james_chadwick: "$james_chadwick$"
 ENG_james_fownes_somerville: "James Fownes Somerville"
 ENG_james_somerville: "$james_somerville$"
 ENG_jock_campbell: "Jock Campbell"
 ENG_john_beckett: "$john_beckett$"
 ENG_john_cunningham: "John Cunningham"
 ENG_john_tovey: "John Tovey"
 ENG_john_vereker: "$john_vereker$"
 ENG_kenneth_anderson: "$kenneth_anderson$"
 ENG_louis_mountbatten: "$louis_mountbatten$"
 ENG_max_horton: "$max_horton$"
 ENG_merton_beckwithsmith: "Merton Beckwith-Smith"
 ENG_miles_dempsey: "Miles Dempsey"
 ENG_neil_ritchie: "Neil Ritchie"
 ENG_neville_chamberlain: "Neville Chamberlain"
 ENG_oliver_leese: "Oliver Leese"
 ENG_richard_oconnor: "Richard O'Connor"
 ENG_sholto_douglas: "$sholto_douglas$"
 ENG_stanley_baldwin: "Stanley Baldwin"
 ENG_stewart_menzies: "$eng_stewart_menzies$"
 ENG_thomas_jacomb_hutton: "Thomas Jacomb Hutton"
 ENG_thomas_moore: "Tom Moore"
 ENG_tom_phillips: "$tom_phillips$"
 ENG_trafford_leigh_mallory: "$trafford_leigh_mallory$"
 ENG_william_gott: "William Gott"
 ENG_william_platt: "William Platt"
 ENG_william_slim: "William Slim"
 EST_artur_sirk: "Artur Sirk"
 EST_herbert_brede: "Herbert Brede"
 EST_jaan_anvelt: "Jaan Anvelt"
 EST_konstantin_pats: "Konstantin Päts"
 EST_otto_heinze: "Otto Heinze"
 ETH_amare_makonnen: "Amare Makonnen"
 ETH_fitawrari_yeebio_woldai: "Fitawrari Yeebio Woldai"
 ETH_haile_mariam: "Haile Mariam"
 ETH_haile_selassie: "Haile Selassie"
 ETH_seyoum_mengesha: "Seyoum Mengesha"
 FIN_aimo_aaltonen: "Aimo Aaltonen"
 FIN_carl_gustaf_emil_mannerheim: "Carl Gustaf Emil Mannerheim"
 FIN_erik_heinrichs: "Erik Heinrichs"
 FIN_kyosti_kallio: "Kyösti Kallio"
 FIN_risto_ryti: "Risto Ryti"
 FIN_vilho_annala: "Vilho Annala"
 FIN_vilho_petter_nenonen: "Vilho Petter Nenonen"
 FRA_alfred_heurtaux: "$alfred_heurtaux$"
 FRA_alphonse_georges: "$alphonse_georges$"
 FRA_alphonse_juin: "Alphonse Juin"
 FRA_antoinemariebenoit_besson: "Antoine-Marie-Benoît Besson"
 FRA_charles_de_gaulle: "$charles_de_gaulle$"
 FRA_charles_huntziger: "$charles_huntziger$"
 FRA_charles_maurras: "$charles_maurras$"
 FRA_denis_guillaumat: "Denis Guillaumat"
 FRA_edouard_daladier: "Édouard Daladier"
 FRA_emile_muselier: "$emile_muselier$"
 FRA_francois_darlan: "$francois_darlan$"
 FRA_frederic_irene_joliot_curie: "$frederic_irene_joliot_curie$"
 FRA_gastonhenri_billotte: "Gaston-Henri Billotte"
 FRA_georges_bonnet: "$georges_bonnet$"
 FRA_henri_giraud: "$henri_giraud$"
 FRA_henry_freydenberg: "Henry Freydenberg"
 FRA_jean_de_laborde: "$jean_de_laborde$"
 FRA_jean_de_lattre_de_tassigny: "Jean de Lattre de Tassigny"
 FRA_jean_decoux: "$jean_decoux$"
 FRA_jean_francois_jannekeyn: "$jean_francois_jannekeyn$"
 FRA_jean_marie_abrial: "$jean_marie_abrial$"
 FRA_jean_marie_bergeret: "$jean_marie_bergeret$"
 FRA_jeanmarie_charles_abrial: "Jean-Marie Charles Abrial"
 FRA_jeanpierre_esteva: "Jean-Pierre Esteva"
 FRA_joseph_vuillemin: "$joseph_vuillemin$"
 FRA_leon_blum: "$leon_blum$"
 FRA_louis_kahn: "$louis_kahn$"
 FRA_marcel_bucard: "$marcel_bucard$"
 FRA_marcel_gensoul: "$marcel_gensoul$"
 FRA_martial_valin: "$martial_valin$"
 FRA_maurice_gamelin: "$maurice_gamelin$"
 FRA_maurice_thorez: "$maurice_thorez$"
 FRA_maxime_weygand: "$maxime_weygand$"
 FRA_philippe_fequant: "$philippe_fequant$"
 FRA_philippe_leclerc: "$philippe_leclerc$"
 FRA_philippe_petain: "Philippe Pétain"
 FRA_pierre_laval: "Pierre Laval"
 FRA_rene_emile_godfroy: "$rene_emile_godfroy$"
 FRA_rene_massigli: "$rene_massigli$"
 FRA_rene_nicod: "René Nicod"
 FRA_rene_olry: "René Olry"
 FRA_rene_prioux: "$rene_prioux$"
 FRA_robert_odic: "$robert_odic$"
 FRA_victor_denain: "$victor_denain$"
 GER_adolf_hitler: "Adolf Hitler"
 GER_albert_kesselring: "$albert_kesselring$"
 GER_albert_speer: "$speer$"
 GER_alfred_jodl: "Alfred Jodl"
 GER_alfred_saalwachter: "$alfred_saalwachter$"
 GER_august_von_mackensen: "August von Mackensen"
 GER_erhard_milch: "$erhard_milch$"
 GER_erich_bey: "$erich_bey$"
 GER_erich_raeder: "$raeder$"
 GER_erich_von_manstein: "$manstein$"
 GER_ernst_thalmann: "$ernst_thalmann$"
 GER_ernst_udet: "$ernst_udet$"
 GER_ernsteberhard_hell: "Ernst-Eberhard Hell"
 GER_erwin_rommel: "$erwin_rommel$"
 GER_erwin_von_witzleben: "Erwin von Witzleben"
 GER_ewald_von_kleist: "Ewald von Kleist"
 GER_fedor_von_bock: "Fedor von Bock"
 GER_felix_steiner: "Felix Steiner"
 GER_ferdinand_schorner: "$ferdinand_schorner$"
 GER_franz_halder: "$franz_halder$"
 GER_friedrich_paulus: "Friedrich Paulus"
 GER_friedrich_schulz: "Friedrich Schulz"
 GER_fritz_todt: "$todt$"
 GER_georg_von_kuchler: "Georg von Küchler"
 GER_georghans_reinhardt: "Georg-Hans Reinhardt"
 GER_gerd_von_rundstedt: "$gerd_von_rundstedt$"
 GER_gotthard_heinrici: "Gotthard Heinrici"
 GER_gunther_lutjens: "$gunther_lutjens$"
 GER_gunther_von_kluge: "Günther von Kluge"
 GER_hans_von_luck: "Hans von Luck"
 GER_hasso_von_manteuffel: "Hasso von Manteuffel"
 GER_heinrich_himmler: "$heinrich_himmler$"
 GER_heinz_guderian: "$heinz_guderian$"
 GER_heisenberg: "$heisenberg$"
 GER_hermann_boehm: "Hermann Boehm"
 GER_hermann_goring: "$goering$"
 GER_hermann_hoth: "Hermann Hoth"
 GER_hjalmar_schacht: "$hjalmar_schacht$"
 GER_hugo_sperrle: "$hugo_sperrle$"
 GER_joachim_von_ribbentrop: "$joachim_von_ribbentrop$"
 GER_johannes_blaskowitz: "Johannes Blaskowitz"
 GER_joseph_goebbels: "$joseph_goebbels$"
 GER_karl_donitz: "$donitz$"
 GER_konrad_adenauer: "Konrad Adenauer"
 GER_konstantin_von_neurath: "$konstantin_von_neurath$"
 GER_kurt_schumacher: "$kurt_schumacher$"
 GER_kurt_student: "$kurt_student$"
 GER_ludwig_beck: "$ludwig_beck$"
 GER_martin_bormann: "$martin_bormann$"
 GER_maximilian_von_weichs: "Maximilian von Weichs"
 GER_otto_ciliax: "$otto_ciliax$"
 GER_paul_hausser: "Paul Hausser"
 GER_ritter_von_greim: "$ritter_von_greim$"
 GER_rudolf_hess: "$rudolf_hess$"
 GER_sepp_dietrich: "Sepp Dietrich"
 GER_victoria: "Victoria"
 GER_viktor_schutze: "$viktor_schutze$"
 GER_von_braun: "$von_braun$"
 GER_walter_kruger: "Walter Krüger"
 GER_walter_model: "Walter Model"
 GER_walther_funk: "$walther_funk$"
 GER_walther_von_brauchitsch: "$walther_von_brauchitsch$"
 GER_walther_wever: "$walther_wever$"
 GER_werner_von_fritsch: "$werner_von_fritsch$"
 GER_wilhelm_canaris: "$ger_wilhelm_canaris$"
 GER_wilhelm_ii: "Vilém II."
 GER_wilhelm_keitel: "$wilhelm_keitel$"
 GER_wilhelm_list: "Wilhelm List"
 GER_wilhelm_marschall: "Wilhelm Marschall"
 GER_wilhelm_pieck: "Wilhelm Pieck"
 GER_wilhelm_ritter_von_leeb: "Wilhelm Ritter von Leeb"
 GER_wilhelm_ritter_von_thoma: "Wilhelm Ritter von Thoma"
 GER_wolfram_von_richthofen: "$wolfram_von_richthofen$"
 GRE_charalambos_katsimitros: "Charalambos Katsimitros"
 GRE_dimitrios_psarros: "Dimitrios Psarros"
 GRE_george_mercouris: "George Mercouris"
 GRE_georgios_kosmidis: "Georgios Kosmidis"
 GRE_konstantinos_demertzis: "Konstantinos Demertzis"
 GRE_markos_drakos: "Markos Drakos"
 GRE_nikos_zachariadis: "Nikos Zachariadis"
 GRE_panagiotis_demestichas: "Panagiotis Demestichas"
 GRE_theodoros_pangalos: "Theodoros Pangalos"
 GXC_li_ting: "Li Ting"
 GXC_liu_peng: "Liou Pcheng"
 GXC_zhang_lu: "Čang Lü"
 HOL_anton_mussert: "Anton Mussert"
 HOL_dirk_jan_de_geer: "Dirk Jan de Geer"
 HOL_hendrikus_colijn: "Hendrikus Colijn"
 HOL_johannes_theodorus_furstner: "Johannes Theodorus Furstner"
 HOL_lou_de_visser: "Lou de Visser"
 HOL_pieter_sjoerds_gerbrandy: "Pieter Sjoerds Gerbrandy"
 HUN_arpad_szakasits: "Árpád Szakasits"
 HUN_ferenc_feketehalmyczeydner: "Ferenc Feketehalmy-Czeydner"
 HUN_franz_friedrich: "Fridrich František Meklenbursko-Zvěřínský"
 HUN_geza_lakatos: "Géza Lakatos"
 HUN_istvan_szechenyi: "István Széchenyi"
 HUN_ivan_hindy: "Iván Hindy"
 HUN_karoly_beregfy: "Károly Beregfy"
 HUN_lajos_veress: "Lajos Veress"
 HUN_matyas_rakosi: "Mátyás Rákosi"
 HUN_miklos_horthy: "Miklós Horthy"
 HUN_otto_von_habsburg: "Otto von Habsburg"
 INS_a_t_van_starkenborgh_stachouwer: "A. T. van Starkenborgh Stachouwer"
 INS_amir_sjarifuddin_harahap: "Amir Šarifuddin Harahap"
 INS_suharto: "Suharto"
 INS_sukarno: "Sukarno"
 INS_sutan_sjahrir: "Sutan Šahrir"
 ITA_alberto_da_zara: "$alberto_da_zara$"
 ITA_alfredo_guzzoni: "$alfredo_guzzoni$"
 ITA_amadeo_bordiga: "$amadeo_bordiga$"
 ITA_amedeo_mecozzi: "$amedeo_mecozzi$"
 ITA_angelo_iachino: "$angelo_iachino$"
 ITA_arturo_riccardi: "$arturo_riccardi$"
 ITA_benito_mussolini: "Benito Mussolini"
 ITA_carlo_bergamini: "$carlo_bergamini$"
 ITA_carlo_scorza: "$carlo_scorza$"
 ITA_domenico_cavagnari: "$domenico_cavagnari$"
 ITA_emilio_de_bono: "$emilio_de_bono$"
 ITA_ettore_muti: "$ettore_muti$"
 ITA_ferdinando_umberto_filippo_adalberto: "Ferdinando Umberto Filippo Adalberto"
 ITA_ferruccio_parri: "Ferruccio Parri"
 ITA_francesco_pricolo: "$francesco_pricolo$"
 ITA_gaetano_crocco: "$gaetano_crocco$"
 ITA_giovanni_messe: "$giovanni_messe$"
 ITA_giuseppe_fioravanzo: "Giuseppe Fioravanzo"
 ITA_guiseppe_fioravanzo: "$guiseppe_fioravanzo$"
 ITA_inigo_campioni: "$inigo_campioni$"
 ITA_italo_balbo: "$italo_balbo$"
 ITA_ivanoe_bonomi: "$ivanoe_bonomi$"
 ITA_luigi_mascherpa: "$luigi_mascherpa$"
 ITA_mario_roatta: "$mario_roatta$"
 ITA_marziale_cerutti: "$marziale_cerutti$"
 ITA_palmiro_togliatti: "Palmiro Togliatti"
 ITA_pietro_badoglio: "$pietro_badoglio$"
 ITA_renato_sandalli: "$renato_sandalli$"
 ITA_rino_corso_fougier: "$rino_corso_fougier$"
 ITA_rodolfo_graziani: "$rodolfo_graziani$"
 ITA_sebastiano_visconti_prasca: "Sebastiano Visconti Prasca"
 ITA_silvio_scaroni: "$silvio_scaroni$"
 ITA_ubaldo_soddu: "Ubaldo Soddu"
 ITA_ugo_cavallero: "$ugo_cavallero$"
 ITA_vittorio_ambrosio: "$vittorio_ambrosio$"
 ITA_vittorio_emanuele_iii: "Vittorio Emanuele III."
 JAP_akira_muto: "Akira Mutó"
 JAP_chuichi_nagumo: "$chuichi_nagumo$"
 JAP_emperor_hirohito: "$JAP_hirohito$"
 JAP_fushimi_hiroyasu: "$fushimi_hiroyasu$"
 JAP_gengo_hyakutake: "Gengo Hjakutake"
 JAP_hajime_sugiyama: "$hajime_sugiyama$"
 JAP_harukichi_hyakutake: "Harukiči Hjakutake"
 JAP_hatazo_adachi: "Hatazó Adači"
 JAP_hideki_tojo: "$hideki_tojo$"
 JAP_hideo_itokawa: "$hideo_itokawa$"
 JAP_hino_kumazo: "$hino_kumazo$"
 JAP_hiroaki_abe: "Hiroaki Abe"
 JAP_hisaichi_terauchi: "$hisaichi_terauchi$"
 JAP_hitoshi_imamura: "$hitoshi_imamura$"
 JAP_isoroku_yamamoto: "$isoroku_yamamoto$"
 JAP_iwane_matsui: "Iwane Macui"
 JAP_jisaburo_ozawa: "Džisaburó Ozawa"
 JAP_jo_iimura: "Džó Iimura"
 JAP_kanin_kotohito: "$kanin_kotohito$"
 JAP_kanji_ishiwara: "Kandži Išiwara"
 JAP_keisuke_fujie: "Keisuke Fudžie"
 JAP_kenji_doihara: "$kenji_doihara$"
 JAP_kenkichi_ueda: "Kenkiči Ueda"
 JAP_kiichiro_higuchi: "Kiširó Higuči"
 JAP_kijuro_shidehara: "$kijuro_shidehara$"
 JAP_kingoro_hashimoto: "$kingoro_hashimoto$"
 JAP_kiyoshi_hasegawa: "Kijoši Hasegawa"
 JAP_korechika_anami: "$korechika_anami$"
 JAP_kuniaki_koiso: "Kuniaki Koiso"
 JAP_kyuichi_tokuda: "Kjúiči Tokuda"
 JAP_masaharu_homma: "Masaharu Homma"
 JAP_masatane_kanda: "Masatane Kanda"
 JAP_matome_ugaki: "$matome_ugaki$"
 JAP_mineichi_koga: "Mineiči Koga"
 JAP_minoru_genda: "$minoru_genda$"
 JAP_mitsuo_fuchida: "$mitsuo_fuchida$"
 JAP_naruhiko_higashikuni: "Naruhiko Higašikuni"
 JAP_nishizo_tsukahara: "$nishizo_tsukahara$"
 JAP_nobutake_kondo: "Nobutake Kondó"
 JAP_osami_nagano: "$osami_nagano$"
 JAP_otozo_yamada: "Otozó Jamada"
 JAP_rikichi_ando: "Rikiči Andó"
 JAP_sadao_araki: "Sadao Araki"
 JAP_sanzo_nosaka: "$sanzo_nosaka$"
 JAP_seishiro_itagaki: "Seiširó Itagaki"
 JAP_shigeru_honjo: "Šigeru Hondžó"
 JAP_shigetaro_shimada: "$shigetaro_shimada$"
 JAP_shigeyoshi_inoue: "Šigejoši Inoue"
 JAP_shizuichi_tanaka: "Šizuiči Tanaka"
 JAP_shunroku_hata: "$shunroku_hata$"
 JAP_soemu_toyoda: "Soemu Tojoda"
 JAP_tadashige_daigo: "Tadašige Daigo"
 JAP_takashi_sakai: "Takaši Sakai"
 JAP_takeo_takagi: "Takeo Takagi"
 JAP_takuo_godo: "$takuo_godo$"
 JAP_tateo_kato: "$tateo_kato$"
 JAP_tetsu_katayama: "Tecu Katajama"
 JAP_tomoyuki_yamashita: "$tomoyuki_yamashita$"
 JAP_torashiro_kawabe: "$torashiro_kawabe$"
 JAP_toshizo_nishio: "Tošizó Nišio"
 JAP_yasuji_okamura: "$yasuji_okamura$"
 JAP_yoshijiro_umezu: "Jošidžiró Umedzu"
 JAP_yoshio_nishina: "$yoshio_nishina$"
 JAP_yoshitoshi_tokugawa: "$yoshitoshi_tokugawa$"
 JAP_zengo_yoshida: "Zengo Jošida"
 LAT_alberts_kvesis: "Alberts Kviesis"
 LAT_andrejs_krustinsh: "Andrejs Krustiņš"
 LAT_fricis_virsaitis: "Fricis Virsaitis"
 LAT_gustavs_celminsh: "Gustavs Celmiņš"
 LAT_hermanis_buks: "Hermanis Buks"
 LAT_janis_balodis: "Jānis Balodis"
 LAT_karlis_ulmanis: "Kārlis Ulmanis"
 LAT_martinsh_penikis: "Mārtiņš Peniķis"
 LAT_zhanis_bahs: "Žanis Bahs"
 LIT_antanas_smetona: "Antanas Smetona"
 LIT_augustinas_voldemaras: "Augustinas Voldemaras"
 LIT_edvardas_adamkavicius: "Edvardas Adamkavicius"
 LIT_karl_gero: "Mindaugas III."
 LIT_kazys_skuchas: "Kazys Skučas"
 LIT_petras_schatz: "Petras Schatz"
 LIT_stasys_pundzevichius: "Stasys Pundzevičius"
 LIT_wilhelm_karl: "Mindaugas II."
 LIT_zigmas_angarietis: "Zigmas Angarietis"
 MAN_aisin_gioro_puyi: "Aisin Gioro Pchu-i"
 MAN_aisin_gioro_xiqia: "Aisin Gioro Šičia"
 MAN_changlin_linge: "Čchanglin Lingge"
 MAN_yoshiko_kawashima: "Jošiko Kawašima"
 MAN_zhang_haipeng: "Čang Chaj-peng"
 MAN_zhang_jinghui: "Čang Čing-chuej"
 MAN_zhao_shangzhi: "Čao Šang-čchi"
 MEX_adolfo_de_la_huerta: "Adolfo de la Huerta"
 MEX_alberto_gorostieta_vega: "Alberto Gorostieta Vega"
 MEX_dionisio_encina: "Dionisio Encina"
 MEX_dionisio_navarro_anguiano: "Dionisio Navarro Anguiano"
 MEX_francisco_mugica: "Francisco Múgica"
 MEX_gildardo_magana: "Gildardo Magaña"
 MEX_heliodoro_charis: "Heliodoro Charis"
 MEX_hernan_laborde: "Hernán Laborde"
 MEX_jesus_degollado_guizar: "Jesús Degollado Guízar"
 MEX_juan_andreu: "Juan Andreu"
 MEX_lazaro_cardenas: "Lázaro Cárdenas"
 MEX_luis_maria_martinez: "Luis María Martínez"
 MEX_manuel_sanchez: "Manuel Sánchez"
 MEX_salvador_abascal: "Salvador Abascal"
 MEX_valentin_campa: "Valentín Campa"
 NZL_bernard_freyberg: "Bernard Freyberg"
 NZL_edmund_rupert_drummond: "Edmund Rupert Drummond"
 NZL_elsie_farrelly: "Elsie Farrelly"
 NZL_john_ormond: "John Ormond"
 NZL_michael_joseph_savage: "Michael Joseph Savage"
 NZL_peter_fraser: "Peter Fraser"
 NZL_peter_phipps: "Peter Phipps"
 NZL_robert_row: "Robert Row"
 NZL_sidney_holland: "Sidney Holland"
 NZL_william_stevens: "William Stevens"
 PER_dalir_pesyan: "Dalír Pesjan"
 PER_hasan_arfa: "Hasan Arfa"
 PER_reza_shah_pahlavi: "Reza Šáh Pahlaví"
 PER_sohrab_tahmasebi: "Sohráb Táchmasebí"
 PER_soleyman_mirza_eskandari: "Solejmán Mirza Eskandari"
 POL_adam_zakrzewski: "Adam Zakrzewski"
 POL_anna_andersson: "Anastasia Romanov"
 POL_boleslaw_bierut: "Bolesław Bierut"
 POL_boleslaw_piasecki: "Bolesław Piasecki"
 POL_boleslaw_wieniawa_glugoszowski: "Bolesław Wieniawa-Długoszowski"
 POL_edward_osobka_morawski: "Edward Osóbka-Morawski"
 POL_friedrich_christian: "Friedrich Christian"
 POL_jan_karcz: "Jan Karcz"
 POL_jerzy_grobicki: "Jerzy Grobicki"
 POL_julian_filipowicz: "Julian Filipowicz"
 POL_karl_albrecht: "Karl Albrecht I."
 POL_karol_korytowski: "Karol Korytowski"
 POL_konstanty_drucki_lubecki: "Konstanty Drucki-Lubecki"
 POL_konstanty_plisowski: "Konstanty Plisowski"
 POL_leon_strzelecki: "Leon Strzelecki"
 POL_lucjan_zeligowski: "Lucjan Żeligowski"
 POL_maria_koszutska: "Maria Koszutska"
 POL_marian_kukiel: "Marian Kukiel"
 POL_pavel_bermondt_avalov: "Pavel Bermondt-Avalov"
 POL_roman_abraham: "Roman Abraham"
 POL_rudinger_von_der_goltz: "Rüdiger von der Goltz"
 POL_sejmik_regency: "Regentský sejm"
 POL_sergiusz_zahorski: "Sergiusz Zahorski"
 POL_stanislaw_kopanski: "Stanisław Kopański"
 POL_stanislaw_mikolajczyk: "Stanisław Mikołajczyk"
 POL_stanislaw_sosabowski: "Stanisław Sosabowski"
 POL_stefan_frankowski: "Stefan Frankowski"
 POL_tadeusz_kutrzeba: "Tadeusz Kutrzeba"
 POL_vladislav_korchits: "Vladislav Korchits"
 POL_wincenty_kowalski: "Wincenty Kowalski"
 POL_wincenty_witos: "Wincenty Witos"
 POL_witold_pilecki: "Witold Pilecki"
 POL_wladyslaw_bortnowski: "Władysław Bortnowski"
 POL_wladyslaw_gomulka: "Władysław Gomułka"
 POL_wladyslaw_raczkiewicz: "Władysław Raczkiewicz"
 POL_wladyslaw_sikorski: "Władysław Sikorski"
 POL_wojtek: "Wojtek"
 POL_zygmunt_piasecki: "Zygmunt Piasecki"
 POL_zygmunt_podhorski: "Zygmunt Podhorski"
 POR_antonio_de_oliveira_salazar: "António de Oliveira Salazar"
 POR_bento_goncalves: "Bento Gonçalves"
 POR_jose_mendes_cabecadas: "José Mendes Cabeçadas"
 POR_jose_vicente_de_freitas: "José Vicente de Freitas"
 POR_luis_augusto_ferreira_martins: "Luís Augusto Ferreira Martins"
 POR_raul_augusto_esteves: "Raul Augusto Esteves"
 POR_raul_brandao: "Raul Brandão"
 PRC_kwong_hu: "Kvang Chu"
 PRC_liang_ma: "Liang Ma"
 PRC_lin_biao: "Lin Piao"
 PRC_luo_zhao: "Luo Čao"
 PRC_mao_zedong: "Mao Ce-tung"
 PRC_peng_dehuai: "Peng Te-chuaj"
 RAJ_b_p_sitaramayya: "B. P. Sítaramajja"
 RAJ_douglas_gracey: "Douglas Gracey"
 RAJ_frank_messervy: "Frank Messervy"
 RAJ_herbert_fitzherbert: "Herbert Fitzherbert"
 RAJ_jayanto_nath_chaudhuri: "Jayanto Nath Čaudhúri"
 RAJ_kodandera_madappa_cariappa: "Kodandera Madappa Káriappa"
 RAJ_kodandera_subayya_thimayya: "Kodandera Subajja Thimajja"
 RAJ_lakshmi_sahgal: "Lakšmí Sahgal"
 RAJ_lord_linlithgow: "Lord Linlithgow"
 RAJ_noel_beresfordpeirse: "Noel Beresford-Peirse"
 RAJ_orde_wingate: "Orde Wingate"
 RAJ_p_krishna_pillai: "P. Krišna Pillai"
 ROM_constantin_ion_parhon: "Constantin Ion Parhon"
 ROM_corneliu_codreanu: "Corneliu Codreanu"
 ROM_gheorghe_tatarescu: "Gheorghe Tatarescu"
 ROM_ioan_mihail_racovita: "Ioan Mihail Racovita"
 ROM_king_michael: "Michael I."
 ROM_octavian_goga: "Octavian Goga"
 ROM_petre_dumitrescu: "Petre Dumitrescu"
 SAF_george_edwin_brink: "George Edwin Brink"
 SAF_guy_hallifax: "Guy Hallifax"
 SAF_j_b_m_hertzog: "J. B. M. Hertzog"
 SAF_jan_smuts: "Jan Smuts"
 SAF_moses_kotane: "Moses Kotane"
 SAF_pixley_ka_isaka_seme: "Pixley Ka Isaka Seme"
 SHX_liao_ting: "Liao Tching"
 SHX_luo_zhao: "Luo Čao"
 SHX_wang_jingguo: "Wang Ťing-kuo"
 SIK_chiang_yufen: "Ťiang Jü-fen"
 SIK_kwong_jin: "Kuang Ťin"
 SIK_liang_jiang: "Liang Ťiang"
 SIK_luo_wei: "Luo Wej"
 SIK_sheng_shicai: "Šeng Š“-cchaj"
 SOV_aleksandr_golovanov: "Alexandr Golovanov"
 SOV_aleksandr_gorbatov: "Alexandr Gorbatov"
 SOV_aleksandr_kazembek: "Alexandr Kazembek"
 SOV_aleksandr_kerensky: "Alexandr Kerenskij"
 SOV_aleksandr_novikov: "Aleksandr Novikov"
 SOV_aleksandr_prokofyev_seversky: "Alexandr Prokofjev-Severskij"
 SOV_aleksandr_rodzyanko: "Alexandr Rodzjanko"
 SOV_aleksandr_shlyapnikov: "Alexandr Šljapnikov"
 SOV_aleksandr_vasilevsky: "Alexandr Vasilevsky"
 SOV_aleksandr_yegorov: "Alexandr Jegorov"
 SOV_aleksey_rykov: "Alexej Rykov"
 SOV_anastasy_vonsyatsky: "Anastasij Vonsjatskij"
 SOV_andrey_grechko: "Andrej Grečko"
 SOV_andrey_shkuro: "Andrej Škuro"
 SOV_andrey_vlasov: "Andrej Vlasov"
 SOV_andrey_yeryomenko: "Andrej Jerjomenko"
 SOV_anton_denikin: "Anton Denikin"
 SOV_arseny_golovko: "Arsenij Golovko"
 SOV_boris_shaposhnikov: "Boris Šapošnikov"
 SOV_dmitry_lelyushenko: "Dmitrij Leljušenko"
 SOV_filipp_golikov: "Filip Golikov"
 SOV_filipp_oktyabrsky: "Filip Oktjabrskij"
 SOV_genrikh_yagoda: "Genrich Jagoda"
 SOV_georgy_zakharov: "Georgij Zacharov"
 SOV_georgy_zhukov: "Georgij Žukov"
 SOV_gordey_levchenko: "Gordej Levčenko"
 SOV_grigory_kulik: "Grigorij Kulik"
 SOV_grigory_semyonov: "Grigorij Semjonov"
 SOV_grigory_sokolnikov: "Grigorij Sokolnikov"
 SOV_grigory_zinovyev: "Grigorij Zinovjev"
 SOV_igor_kurchatov: "Igor Kurčatov"
 SOV_iosif_stalin: "Josif Stalin"
 SOV_issa_pliyev: "Issa Plijev"
 SOV_ivan_chernyakhovsky: "Ivan Černjachovskij"
 SOV_ivan_fedyuninsky: "Ivan Fedyunjinskij"
 SOV_ivan_konev: "Ivan Koněv"
 SOV_ivan_smirnov: "Ivan Smirnov"
 SOV_ivan_yumashev: "Ivan Yumašev"
 SOV_ivar_smilga: "Ivar Smilga"
 SOV_karl_radek: "Karl Radek"
 SOV_kirill_meretskov: "Kirill Mereckov"
 SOV_kirill_moskalenko: "Kirill Moskalenko"
 SOV_kliment_voroshilov: "Kliment Vorošilov"
 SOV_konstantin_nechayev: "Konstantin Nečajev"
 SOV_konstantin_rodzayevsky: "Konstantin Rodzajevskij"
 SOV_konstantin_rokossovsky: "Konstantin Rokossovskij"
 SOV_konstantin_vershinin: "Konstantin Veršinin"
 SOV_kuzma_galitsky: "Kuzma Galickij"
 SOV_lavrenty_beriya: "Lavrentij Berija"
 SOV_lazar_kaganovich: "Lazar Kaganovič"
 SOV_leonid_govorov: "Leonid Govorov"
 SOV_lev_dovator: "Lev Dovator"
 SOV_lev_kamenev: "Lev Kameněv"
 SOV_lev_trotsky: "Lev Trockij"
 SOV_maks_reyter: "Maks Rejter"
 SOV_maksim_litvinov: "Maksim Litvinov"
 SOV_maksim_purkayev: "Maksim Purkajev"
 SOV_markian_popov: "Markian Popov"
 SOV_martemyan_ryutin: "Martěmjan Rjutin"
 SOV_metropolitan_aleksy: "Metropolita Aleksij"
 SOV_metropolitan_anastasy: "Metropolita Anastasij"
 SOV_metropolitan_meletius: "Metropolita Meletius"
 SOV_metropolitan_nikolay: "Metropolita Nikolaj"
 SOV_mikhail_frinovsky: "Michail Frinovskij"
 SOV_mikhail_kalinin: "Michail Kalinin"
 SOV_mikhail_tomsky: "Michail Tomskij"
 SOV_mikhail_tukhachevsky: "Michail Tuchačevskij"
 SOV_nikandr_chibisov: "Nikandr Čibisov"
 SOV_nikita_khrushchyov: "Nikita Chruščov"
 SOV_nikolay_berzarin: "Nikolaj Berzarin"
 SOV_nikolay_bukharin: "Nikolaj Bucharin"
 SOV_nikolay_kuznetsov: "Nikolaj Kuznecov"
 SOV_nikolay_ustryalov: "Nikolaj Ustrjalov"
 SOV_nikolay_vatutin: "Nikolaj Vatutin"
 SOV_nikolay_voznesensky: "Nikolaj Voznesenskij"
 SOV_nikolay_yezhov: "Nikolaj Ježov"
 SOV_patriarch_meletius: "Patriarcha Meletius"
 SOV_patriarch_sergy: "Patriarcha Sergij"
 SOV_pavel_rybalko: "Pavel Rybalko"
 SOV_pavel_rychagov: "Pavel Ryčagov"
 SOV_pavel_zhigarev: "Pavel Žigarev"
 SOV_provisional_government: "Prozatímní vláda"
 SOV_pyotr_krasnov: "Pjotr Krasnov"
 SOV_pyotr_smirnov: "Pjotr Smirnov"
 SOV_rodion_malinovsky: "Rodion Malinovskij"
 SOV_semyon_budyonny: "Semjon Buďonnyj"
 SOV_semyon_timoshenko: "Semjon Timošenko"
 SOV_sergey_gorshkov: "Sergej Gorškov"
 SOV_sergey_khudyakov: "Sergej Chudjakov"
 SOV_sergey_korolyov: "Sergej Koroljov"
 SOV_sergey_rudenko: "Sergej Rudenko"
 SOV_sidor_kovpak: "Sidor Kovpak"
 SOV_stepan_krasovsky: "Stepan Krasovskij"
 SOV_supreme_soviet: "Nejvyšší sovět"
 SOV_tsar_vladimir_kirillovich: "Car Vladimir III."
 SOV_tsar_vsevolod_ivanovich: "Car Vsevolod I."
 SOV_vasily_blyukher: "Vasilij Bljucher"
 SOV_vasily_chuykov: "Vasilij Čujkov"
 SOV_vasily_korzh: "Vasilij Korž"
 SOV_vasily_kuznetsov: "Vasilij Kuznecov"
 SOV_vasily_yanchenko: "Vasilij Jančenko"
 SOV_vitaly_primakov: "Vitalij Primakov"
 SOV_vladimir_kasatonov: "Vladimir Kasatonov"
 SOV_vladimir_kosmin: "Vladimir Kosmin"
 SOV_vladimir_tributs: "Vladimir Tribuc"
 SOV_vsevolod_merkulov: "Vsevolod Merkulov"
 SOV_vyacheslav_tkachyov: "Vjačeslav Tkačjov"
 SOV_yakov_cherevichenko: "Jakov Čerevičenko"
 SOV_yakov_smushkevich: "Jakov Smuškevič"
 SOV_yan_nagursky: "Jan Nagurskij"
 SOV_yevgeny_preobrazhensky: "Jevgenij Preobraženskij"
 SPA_francisco_franco: "Francisco Franco"
 SPR_alejandro_lerroux: "Alejandro Lerroux"
 SPR_antonio_cordon_garcia: "Antonio Cordón García"
 SPR_enrique_lister: "Enrique Líster"
 SPR_enrique_lister_desc: "Enrique Líster Forján"
 SPR_gonzalo_queipo_de_llano: "Gonzalo Queipo de Llano"
 SPR_jose_asensio_torrado: "José Asensio Torrado"
 SPR_jose_diaz: "José Díaz"
 SPR_jose_millan_astray: "José Millán Astray"
 SPR_juan_modesto: "Juan Modesto"
 SPR_manuel_azana: "Manuel Azaña"
 SPR_manuel_fal_conde: "Manuel Fal Conde"
 SPR_miguel_buiza_fernandez_palacios: "Miguel Buiza Fernández-Palacios"
 SPR_mohamed_meziane: "Mohamed Meziane"
 SPR_niceto_alcala_zamora: "Niceto Alcalá-Zamora"
 SPR_valentin_gonzalez: "Valentín González"
 SPR_vicente_rojo_lluch: "Vicente Rojo Lluch"
 SWE_axel_pehrssonbramstorp: "Axel Pehrsson-Bramstorp"
 SWE_claes_lindstrom: "Claes Lindström"
 SWE_erik_af_edholm: "Erik af Edholm"
 SWE_folke_hogberg: "Folke Högberg"
 SWE_per_albin_hansson: "Per Albin Hansson"
 SWE_sven_linderot: "Sven Linderot"
 SWE_sven_olov_lindholm: "Sven Olov Lindholm"
 SWI_ernest_beuin: "Ernest Béuin"
 SWI_federal_assembly: "Federální shromáždění"
 SWI_federal_council: "Federální rada"
 SWI_fritz_platten: "Fritz Platten"
 SWI_henri_guisan: "Henri Guisan"
 SWI_max_leo_keller: "Max Leo Keller"
 TUR_abdulmejid_ii: "Abdulmejid II."
 TUR_ahmet_fevzi_pasha: "Ahmet Fevzi Paşa"
 TUR_durrushehvar_i: "Dürrüşehvar I."
 TUR_halife_abdulmecid_efendi: "Halife Abdülmecid Efendi"
 TUR_hayrullah_fisek: "Hayrullah Fisek"
 TUR_hazi_aslanov: "Hazi Aslanov"
 TUR_izzettin_chalishlar: "İzzettin Çalışlar"
 TUR_mehmet_esat_pasha: "Mehmet Esat Paşa"
 TUR_mehmet_nuri_yamut: "Mehmet Nuri Yamut"
 TUR_mehmet_recep_peker: "Mehmet Recep Peker"
 TUR_mustafa_kemal_ataturk: "Mustafa Kemal Atatürk"
 TUR_mustafa_muglali: "Mustafa Muğlalı"
 TUR_nazmi_solok: "Nazmi Solok"
 TUR_refet_pasha: "Refet Paşa"
 USA_alexander_patch: "Alexander Patch"
 USA_alexander_vandegrift: "Alexander Vandegrift"
 USA_arleigh_burke: "Arleigh Burke"
 USA_carl_spaatz: "$carl_spaatz$"
 USA_carnot_wheeler: "Carnot Wheeler"
 USA_charles_coughlin: "$charles_coughlin$"
 USA_charles_m_cooke_jr: "Charles M. Cooke, Jr."
 USA_chester_w_nimitz: "$chester_nimitz$"
 USA_claire_lee_chennault: "$claire_lee_chennault$"
 USA_clarence_huebner: "Clarence Huebner"
 USA_courtney_hodges: "$courtney_hodges$"
 USA_curtis_lemay: "$curtis_lemay$"
 USA_dewitt_clinton_ramsey: "$dewitt_clinton_ramsey$"
 USA_douglas_macarthur: "$douglas_macarthur$"
 USA_dwight_d_eisenhower: "$dwight_eisenhower$"
 USA_earl_browder: "$earl_browder$"
 USA_edward_brooks: "Edward Brooks"
 USA_ernest_king: "$ernest_king$"
 USA_frank_jack_fletcher: "$frank_jack_fletcher$"
 USA_franklin_delano_roosevelt: "Franklin Delano Roosevelt"
 USA_geoffrey_keyes: "Geoffrey Keyes"
 USA_george_kenney: "$george_kenney$"
 USA_george_marshall: "$george_marshall$"
 USA_george_s_patton: "$george_patton$"
 USA_harold_ickes: "$harold_ickes$"
 USA_harold_mcclelland: "$harold_mcclelland$"
 USA_harold_rainsford_stark: "Harold Rainsford Stark"
 USA_harry_white: "$harry_white$"
 USA_henry_arnold: "$henry_arnold$"
 USA_j_lawton_collins: "J. Lawton Collins"
 USA_jimmy_doolittle: "$jimmy_doolittle$"
 USA_john_cannon: "$john_cannon$"
 USA_jonathan_wainwright: "Jonathan Wainwright"
 USA_joseph_stilwell: "$joseph_stilwell$"
 USA_leonard_gerow: "Leonard Gerow"
 USA_leslie_mcnair: "Leslie McNair"
 USA_lloyd_fredendall: "Lloyd Fredendall"
 USA_lucian_truscott: "Lucian Truscott"
 USA_marc_mitscher: "$marc_mitscher$"
 USA_mark_clark: "$mark_clark$"
 USA_maurice_rose: "Maurice Rose"
 USA_omar_bradley: "$omar_bradley$"
 USA_oscar_griswold: "Oscar Griswold"
 USA_raymond_a_spruance: "Raymond A. Spruance"
 USA_raymond_spruance: "$raymond_spruance$"
 USA_robert_goddard: "$robert_goddard$"
 USA_robert_oppenheimer: "$robert_oppenheimer$"
 USA_russell_hartle: "Russell Hartle"
 USA_thomas_kinkaid: "$thomas_kinkaid$"
 USA_victor_perlo: "$victor_perlo$"
 USA_walter_krueger: "$walter_krueger$"
 USA_whittaker_chambers: "$whittaker_chambers$"
 USA_william_donovan: "$usa_william_donovan$"
 USA_william_dudley_pelley: "William Dudley Pelley"
 USA_william_halsey: "$william_halsey$"
 USA_william_halsey_jr: "William Halsey, Jr."
 USA_william_simpson: "William Simpson"
 XSM_hsia_jin: "Sia Ťin"
 XSM_hsia_sun: "Sia Sun"
 XSM_ma_bufang: "Ma Pu-fang"
 XSM_mao_sun: "Mao Sun"
 YUG_ivan_gosnjak: "Ivan Gošnjak"
 YUG_josef_depre: "Josef Depre"
 YUG_milan_grol: "Milan Grol"
 YUG_milan_stojadinovic: "Milan Stojadinović"
 YUG_paul_i: "Paul I."
 YUG_peter_ii: "Petr II."
 YUG_prince_paul: "Princ Paul"
 YUG_vladimir_Cukavac: "Vladimir Čukavac"
 YUN_cheng_peng: "Čcheng Peng"
 YUN_hsia_wu: "Sia Wu"
 YUN_long_yun: "Lung Jün"
 YUN_mao_dong: "Mao Tung"
 SOV_aleksandr_cherepanov: "Alexandr Čerepanov"
 MAN_urzhin_garmaev: "Uržin Garmajev"
 MAN_yu_zishan: "Jü Č'-šan"
 MAN_jonjurjab: "Jonjurjab"
 MAN_pujie: "Pchu-ťie"
